aminoacid,letter,pKao,pKat,pKath,pI,hydrophobicity
Glycine,G,2.34,9.6,---,5.97,1.8
Alanine,A,2.34,9.69,---,6,-4.5
Valine,V,2.32,9.62,---,5.96,-3.5
Leucine,L,2.36,9.6,---,5.98,-3.5
Isoleucine,I,2.36,9.6,---,6.02,2.5
Methionine,M,2.28,9.21,---,5.74,-3.5
Proline,P,1.99,10.6,---,6.3,-3.5
Phenylalanine,F,1.83,9.13,---,5.48,-0.4
Tryptophan,w,2.83,9.39,---,5.89,-3.2
Asparagine,N,2.02,8.8,---,5.41,4.5
Glutamine,Q,2.17,9.13,---,5.65,3.8
Serine,S,2.21,9.15,---,5.68,-3.9
Threonine,T,2.09,9.1,---,5.6,1.9
Tyrosine,Y,2.2,9.11,---,5.66,2.8
Cysteine,C,1.96,8.18,---,5.07,-1.6
Asparticacid,D,1.88,9.6,3.65,2.77,-0.8
Glutamicacid,E,2.19,9.67,4.25,3.22,-0.7
Lysine,K,2.18,8.95,10.53,9.74,-0.9
Arginine,R,2.17,9.04,12.48,10.76,-1.3
Histidine,H,1.82,9.17,6,7.59,4.2
